Eazzy,92
Divape,75
Centizu,22
Fliptune,98
Jayo,62
Twitterbridge,1
Thoughtmix,75
Skaboo,7
Blogtag,67
Kanoodle,38
Pixonyx,51
Edgepulse,61
Feedmix,37
Jabbersphere,22
Twitterbeat,4
Yadel,98
Kimia,90
Roomm,25
Devpulse,66
Gabspot,27
Wikizz,36
Thoughtworks,54
Fadeo,5
Chatterbridge,39
Gabvine,40
Voolia,49
Topiczoom,18
Feedmix,58
Rhyzio,38
Kwilith,100
Linktype,38
Trudoo,56
Viva,83
Jetwire,89
Kimia,82
Twitterworks,50
Feednation,47
Thoughtstorm,97
Rooxo,60
Twitternation,74
Gabvine,71
Linktype,93
Jatri,58
Skinix,11
Vipe,63
Kare,67
Meetz,1
Ainyx,8
Mydeo,87
Avaveo,97
Yata,5
Oozz,71
Photobug,52
Meetz,38
Thoughtstorm,35
Buzzshare,3
Tambee,1
Photobean,34
Roomm,29
Mudo,29
Innotype,43
Fivebridge,68
Katz,49
Feedmix,72
Meembee,46
Topiczoom,15
Trunyx,98
Zoomlounge,68
Trilith,89
Meemm,51
Jabberstorm,63
Eazzy,42
Mydo,82
Jabbersphere,41
Cogibox,82
Livepath,72
Quimba,11
Skajo,68
Innotype,58
Topicstorm,10
Jazzy,84
Babbleblab,100
Meejo,6
Eimbee,50
Mycat,18
Zoozzy,67
Kazio,89
Tavu,10
Leenti,54
Topicware,59
Skalith,16
Wikizz,12
Feedbug,76
Layo,85
Trudeo,70
Trilith,73
Linktype,70
Oyonder,28
Jabberstorm,14
Snaptags,5
